study_hours,attendance,previous_marks,assignments_completed,sleep_hours,exam_score
4.370861069626263,84.90808570098726,50.18231108612408,10,6.6765506572629585,73.7614062313248
9.556428757689245,76.80481831720601,69.8045521058097,4,5.0760093600861875,77.61512231505294
7.587945476302646,65.47638081431639,88.01202097320245,8,4.060603873219466,78.75107714250963
6.387926357773329,90.68975098534743,80.27236875252586,6,5.206007287997707,81.93520201736136
2.4041677639819286,84.23655862769397,84.36086313237973,7,8.879368774550269,58.24102531614632
2.403950683025824,58.130846967244565,76.23308516908946,7,8.007685559414949,65.30957615717202
1.5227525095137953,95.54635922469213,78.07521104848189,4,8.797883221605167,62.64353920047014
8.795585311974417,91.12686214615846,86.70576083609257,3,6.439270219631812,72.56851280265295
6.41003510568888,97.4899956645962,53.73174048725522,6,4.548680993387517,72.62180281756025
7.372653200164409,86.28597541941801,66.91837300037272,7,6.739797444868465,84.18672892606058
1.185260448662222,80.6707597967895,52.16651930007812,4,6.271886672799805,50.365440960537704
9.72918866945795,70.91215181453094,94.32174043981558,10,8.221785413698079,98.33368990893506
8.491983767203795,96.63642416770065,91.92326368276373,7,4.490412903921223,96.01784875862822
2.9110519961044856,93.30319447502042,42.16847462526783,9,6.441205685108891,69.7697489496258
2.636424704863906,52.26093350530947,78.80663448836287,6,4.750243323469921,65.24835145532289
2.650640588680904,51.3183487248626,90.88865745786163,6,5.6233796344503,65.05680298008616
3.7381801866358395,68.82316834390248,49.931643982003344,9,7.686785386938999,63.094689328613185
5.72280788469014,90.52766653909165,71.23698768039462,5,6.380090646843833,64.18029423797464
4.887505167779041,99.36380646574722,90.3518563673423,10,5.879441425728847,83.81440043116619
3.6210622617823773,57.52084455517641,41.867028822218934,9,5.972381392850177,51.24912385618494
6.506676052501415,79.70653576760675,78.3581146985762,8,6.297233842029933,88.8527059122471
2.2554447458683766,69.04454283155107,56.35419540549029,8,7.925082719185284,58.8516598512294
3.629301836816963,98.49571989073016,90.84179074570918,4,8.460423444701172,76.0261692670613
4.297256589643226,92.10594615678544,93.40820348409522,6,8.77667343251964,82.32618937125496
5.104629857953324,91.91643523555689,91.93465690123887,5,7.934516931276475,78.97360968728294
8.066583652537123,73.43465798974852,66.08178191616051,5,5.577034478740064,79.9019478845219
2.7970640394252375,70.74097511688326,87.41234580441224,7,7.4406735304327105,65.72903434086803
5.628109945722504,63.670353596535314,86.45021691942887,7,6.18801562027696,73.58398123573193
6.331731119758382,52.81877483254635,57.55052602837906,9,5.273353110230255,61.360179497786284
1.4180537144799796,93.23611881275266,85.59035107828726,5,8.204357897129613,61.63551465390039
6.467903667112945,90.64505045650388,42.03541990935209,9,4.192131744811625,66.07493404499914
2.5347171131856236,99.98588366430653,72.79484331651292,10,8.508809960677118,76.49534266942962
1.5854643368675156,99.83184185369527,52.650486050823666,9,6.30738732312367,62.37764332137707
9.539969835279999,77.77158528013138,46.63117871775033,7,7.186007384041402,71.50607700823006
9.690688297671034,88.44937075902553,44.232426089606506,6,7.296769611028914,68.87397355348567
8.275576133048151,97.23828649412141,78.29588267329768,9,8.475588703532683,90.04733759852925
3.741523922560336,92.48236953387058,58.69312300724364,3,7.183348410836037,54.2420856327226
1.8790490260574548,62.36740508715988,79.86217243408188,6,7.069667923800309,64.1180733094065
7.158097238609412,72.52720676550467,43.59459874394183,5,4.33326020280345,61.350883378558215
4.961372443656412,56.45797075757475,57.340968580683565,5,6.59204010972602,50.524496985141155
2.0983441136030097,97.70255136293612,69.67202108064355,9,4.750845004085209,67.2779040677705
5.456592191001432,80.308731722544,83.48977406614299,6,7.687168843607428,71.69198244363699
1.3094966900369656,61.43214027517314,57.53138766126385,7,6.561109604063372,54.54817524842412
9.18388361870904,83.58503422029284,74.4240257040355,7,7.401138896041767,90.78656643921396
3.3290198344001523,80.90641202289478,88.72877615299029,8,4.208364503011921,62.00028759240436
6.962700559185838,67.90813590164203,73.87247535002675,5,4.423960080229016,69.04461845434923
3.8053996848046987,55.67787960998145,52.812771111449855,4,7.5816169403134115,52.05775341042227
5.680612190600297,83.57865977963998,41.34204298560959,8,4.360421679993367,67.21593037933931
5.920392514089517,76.01538504518966,87.85543806455115,7,4.356283638826293,76.08372574590129
2.6636900997297435,88.61591958678196,41.169817596771296,6,4.060542376174437,50.46484614253158
9.726261649881026,76.00817505559966,88.10859199763097,10,8.7825069914974,91.93751280105607
7.976195410250031,92.609075015927,69.09154237149666,7,7.687541797295035,78.02763250433343
9.455490474077703,77.59534193872427,91.64872341820929,6,5.766257042510321,90.67847143084141
9.053446153848839,78.04689857676931,83.9330779675516,8,5.482677906438276,84.9144995688779
6.381099809299767,93.83268013291726,94.88637607933356,5,5.748516148729248,90.63130195777309
9.296868115208051,70.17414331061985,59.28914984984406,7,7.873267655905909,76.64241465746112
1.7964325184672756,56.70076142253204,82.19535589121199,9,7.306853055352072,60.589697639964555
2.763845761772307,51.43913381566695,62.106200248508316,6,4.92597783933734,44.75866380917321
1.4070456001948426,87.75686278368096,66.39315911671498,5,4.870546676670422,48.729625726812536
3.927972976869379,81.01547756767323,74.51280047701036,10,4.491978248566987,63.998940510734414
4.498095607205338,85.20398840496118,88.05224128024864,10,7.301513598506691,82.59905535689234
3.442141285965063,60.64820807544554,94.12459080596123,4,7.82186331110868,68.37027090282076
8.458637582367365,56.818573779338486,82.25503776254851,6,5.32523214162502,66.44702736098193
4.210779940242304,50.7272332833941,62.977173019203356,8,4.104724805154564,62.68182645275043
3.5284105871864266,67.52937794032985,63.174635125238865,4,4.410858337382137,52.65131456958513
5.884264748424236,79.49588434273166,80.56702658738902,4,8.839300174225151,74.32800616711312
2.2683180247728636,69.61220225498661,53.13274301725663,3,5.477223887387101,57.05199555952003
8.219772826786357,71.87374610118646,46.0760762222267,7,7.846115739190668,75.17100377744885
1.6709557931179373,95.20793472468742,59.50421867024271,6,7.123317844271319,60.611303369781666
9.881982429404655,67.41277335116501,55.7981445409745,4,5.909698198264479,65.75132984478329
7.9502029236699165,75.69947445799053,56.29694662507946,3,5.028436310977776,54.45881921552753
2.7884411338075514,89.18265063705715,52.848426307745044,8,4.606932090797033,58.13245888069161
1.0496990541124216,69.8271391160635,42.3151254299999,5,7.075064840194333,46.29498368935277
8.339152856093508,81.10433501139367,40.98306641033776,9,7.87316890318894,69.85615708361654
7.361716094628554,93.11818543733726,94.32473143548174,9,7.2195212677056535,90.04449245879437
7.561064512368886,97.47603118288211,63.52752235547243,6,6.651510666245791,78.36569586432411
7.941433120173512,57.3536740464519,61.137965593782496,4,4.209756117158181,61.618867198299284
1.6664018656068134,96.32938125807472,77.38060054811885,9,8.84244388797192,70.55496112682599
4.226191556898454,74.6058146539769,52.00396383257853,7,7.993570958272873,64.15496602362043
2.0428215357261674,62.91221941494792,92.24786511726239,9,5.464110183504824,69.68328165958299
8.767930832880342,72.95678781191307,83.24897579285536,9,8.899851646794254,82.08157303261575
6.609683141448022,99.00162876427385,44.91760512717427,9,7.009407948181611,82.31396642975375
3.9780822236738427,74.63090469964348,62.96694266817106,10,6.912113291036232,68.91218716416171
1.5720251525742128,66.43758051437541,88.35150691591906,3,7.740365897147661,59.379524096677
3.79884089544096,81.67004271583629,91.96026122602757,4,8.058848940450687,75.10261234210323
3.9266498982407234,62.00728093890965,65.70708311874284,7,7.282393036657513,63.97904360892709
7.566455605042576,53.7931664054332,73.73762640658893,4,4.640478731831,69.89188043733864
6.738017242196918,56.44398609553246,49.18686703506414,10,5.6913375299724915,67.83905809587627
8.98491468318694,56.40229194788862,94.51427443753371,6,8.640418201630249,79.49537335462769
5.249934326457543,57.595134675614716,52.74194357608938,6,5.12307805921926,59.27679824312412
2.0763482134447155,56.94135863247051,91.8502475774319,6,5.860835119187566,56.12348854754323
7.419203085006955,82.04373724016074,75.73056569458026,8,6.16038441472098,80.48129467453525
7.847065437552077,59.09400421995724,73.42552371833725,9,6.1970249484722615,75.94969675962064
6.051494778125466,67.28336416619317,68.19786810590797,8,7.064697912472628,70.43305204474427
7.938704619591049,94.8394204953006,52.68683964447673,3,8.715379188723539,71.93536019767467
5.444160367279517,73.69808201314362,49.70904176030295,6,5.203463559162525,51.741852281249905
5.704595464437946,83.37788692605136,52.126741498859644,10,4.60750688150459,67.60786518506539
4.847869165226946,58.61599356008149,50.254104417934,7,4.987352449299687,57.801479583473196
1.2287721406968566,59.61445094043354,82.87714604617143,4,8.434624501046347,58.0725933617353
1.97102284293974,52.043430813323944,59.256889254170154,9,7.22905406327603,51.30615994557762
1.2828626711806081,58.44675315360823,43.1813472109868,5,5.4295339461958,50.03132228016892
6.727693701374023,63.92951695159793,93.30064465774461,7,8.079734694843086,75.0406673424285
3.82920382968694,58.85052421383734,88.60822367298842,9,8.30684998181718,77.52224371402407
5.577136220482325,54.43512668785278,91.02637557573672,8,8.23257169345139,77.22807839869984
9.168098265334837,56.03179355503004,94.71993024555394,8,8.594632668197772,82.70766924473955
3.2436300623398746,73.03893840163629,49.5642387070718,7,5.261205100866808,65.87584093229466
4.693446307320667,60.31668592028963,61.79331103964623,8,7.775209643731392,59.15780604521694
7.799960246887438,68.21349305240378,81.70311616372501,6,6.3026974863707,80.96267708385776
3.059183489424602,75.17086354274284,78.28113399295857,3,8.209992764450307,67.63791916179999
1.6928191884591368,84.51974143146826,48.46427484869203,4,7.642453385808066,50.190618124047354
3.6077630762239123,51.965606992054944,84.87082187448398,3,7.882237232498623,66.81661973373897
2.4509915852860398,89.97051994545214,52.344231451016334,9,7.280809188405358,63.853955000293624
9.367278871083158,81.39501947454539,52.30996881524427,4,4.8871438473485345,71.79055468466535
8.273083416079754,54.08795159744359,69.53359325913775,10,6.725134594484691,78.0915182056424
6.700633808593811,93.67893120533887,72.61169641629368,4,8.92334869762254,76.20663123797715
8.84314531168946,96.04362002659066,71.90474143107961,3,8.686940332485594,84.9311724134797
8.23304869209203,53.05389799274319,45.03177605687652,7,4.215868678985059,66.03894132722495
2.6791305299743224,63.843882407360184,88.26034744467091,4,4.824074078647186,51.2183153726334
9.0330309864098,90.31006398965306,54.60800234237883,10,4.65864386727281,87.72283924781499
5.854080177240856,87.41298451918291,47.12332067055423,10,7.629899549926478,64.94288238381225
8.266961396476564,59.226050967818864,88.88114439279374,10,8.088926649284726,90.38991722197726
9.06482169931144,60.467466166835514,92.56083240263644,3,5.067556831553359,80.74825302646968
3.8620312747467747,68.5236051395691,87.4170189495998,4,6.529263464759145,60.085516470322304
1.9904673207490908,74.22614925955106,84.52338410986829,5,8.203515140056,62.53916455000406
3.051416462877475,80.9127385765148,76.0383089351462,7,7.6640077238312525,63.303702863267816
4.843970097636307,68.44568197848862,70.29715538350266,6,6.711186027459242,64.94707322977928
8.362132893302437,73.1267358066574,44.78427179512756,4,6.951738452293864,64.03386475482388
8.74657524930709,87.37354690668784,62.46492671888843,10,6.5418027345814,87.88940826153431
1.0625691747807164,51.834160144529896,60.49786843567727,5,5.487742256594103,53.30360949097959
5.596725723198092,62.62184721720104,54.28645810681794,6,6.8251099642950805,68.73674256258573
4.7566990283390105,85.66747929422762,79.78810625287217,6,7.444426510250453,70.87863564762502
2.9989702942365724,94.76034188435997,67.2731654293324,9,8.366614579304038,72.18996604606255
2.0787883060031453,75.58387210578331,44.457541874920636,4,7.18145676989624,42.19446716272137
4.038536542632651,76.60567426326578,52.11007610723962,3,7.80560768521579,53.15704010730481
9.486187335212673,55.358600566988805,77.57923200127777,4,4.800358174772865,76.45350442042238
3.908826388186797,72.37061834117273,44.18719727196651,5,6.307787372098949,63.00658122719023
5.669115595690295,76.63086332275115,86.81638027268228,6,4.046658099135467,66.25033264145407
7.3271706300566,62.12352518173648,67.2330589857686,4,5.233394322608115,62.289798593149854
4.272666421413646,63.46216154746905,66.43226175296564,3,7.632308575565024,58.47716475706146
9.746038744488645,68.86420815523113,72.58242815627347,9,8.959049756746818,87.2157328977563
9.662025654479,51.003559888886315,85.35745312588321,4,4.495890497936079,68.96106294451188
3.2660406624282774,66.10395827915892,59.129506434620616,7,6.007471579306442,61.057719957873495
5.475236553031469,60.572400349827234,77.29088839074849,9,8.000354843495797,71.14961609540126
3.707904788350927,66.37486760889573,71.1152580197685,3,5.020178173144494,56.645973097784896
3.5635644493972087,55.98810659096256,54.68655485931817,5,6.7754247465114315,56.31875021555904
1.3319825261907952,94.52636403699475,88.32464924953369,6,7.665356480148374,70.15640992878885
6.486079005819072,79.67962267770244,83.85843118838105,4,7.079927251300895,72.19063033915566
5.524111209059753,83.95511595722448,76.2148509062134,3,4.940123673077081,66.55558693726745
1.463308761249904,89.45856193036691,86.78199510018331,9,5.7769228434286966,70.89261896317349
3.507818178129503,74.92210994645286,87.70118105278914,7,7.918958922426986,70.37933102079006
9.174392973699883,54.34601440437118,78.95996371932691,3,6.771132570660083,70.18762740846515
3.1560570160027517,76.85532709092739,86.03573306000196,8,4.026148067714564,76.93407815097746
2.304053848821008,79.34205590104395,78.3609303918106,10,7.804953800140469,74.71347875470335
5.405074842498067,87.2719737092165,77.40774244681651,7,4.176556774701195,71.75215845214964
9.870854086995406,71.58297731148397,74.02362580183514,9,7.728668913656161,89.4934082221199
3.178497443603504,56.37901513977819,81.39941517567027,5,5.012402800826187,57.30412729870053
7.049219926652907,64.18879528993622,48.72328079111905,6,8.790367400596901,71.94322346498215
7.854576537958458,68.15411481993175,88.44789175594107,9,5.839703756510422,84.39725229416229
3.1387378959315972,82.29586206658007,87.95139402598775,10,5.634658081690396,74.90437582593958
7.553947137506736,78.53891523344559,41.608600566900755,5,4.7444402516622235,65.48520170291208
4.3100481944732785,67.80483629489231,85.41992128106195,4,5.528021077451074,57.025946261333445
6.690752475342215,99.32576243964898,47.087842711039485,3,8.383253809141003,62.93409107617159
6.7017673968480524,80.28874096784436,58.4315369842528,8,8.981671688136236,69.368111485498
5.821972156672826,61.86133958679972,80.89295409603844,7,5.841547652534242,71.3444146435463
1.8126079304896747,55.089123631020186,48.84179428265695,7,6.243053154772713,58.36196717097449
8.51772246030314,57.642956959216605,84.98818632654843,3,7.6103546910136854,84.46835671050337
3.8870205847456223,62.29788641922541,85.76737978767581,8,8.430978902325371,74.64347141250231
2.678666593598688,58.03406866297779,67.91072535684599,3,6.9652216709339205,55.547845302451165
1.3669762739928752,59.32835120256529,40.35122294442585,4,5.957628490889147,33.307235189076714
6.318036488694176,64.25475843469235,55.787097324620206,10,6.063109204243119,66.9446502333676
7.098079256580542,58.66867976473774,73.93098051066582,5,7.478090732484034,65.63083420877837
1.1492904603507053,94.83827123132126,93.96523979150828,9,4.0160913180213935,69.18421922292538
5.608837524693529,54.01168728308211,74.74974398591675,7,7.097946687299204,66.70716642265462
3.0384619767814414,76.22556947851274,54.28919695852879,4,5.777465052206787,52.35631856286157
6.806555113685048,70.51984134948307,74.87031367047862,5,7.9709866563854215,62.68192982723345
2.569297861044923,99.11893084543033,69.69919588437205,4,4.46495319911566,66.31724060898483
7.218439642922194,55.60194510840262,82.89149673331289,8,6.941011334741953,70.39133061044294
4.480618116704837,69.89277995228709,45.883935135482716,7,6.404864449430619,60.54101959046504
9.43056989863061,98.47352166376845,81.85653463761153,9,7.211627629526137,100.0
2.2376884973139393,93.27535629469901,69.76966182718607,3,4.324267972414842,54.071303879598155
4.069597159452327,90.85360354746399,92.9645602122447,3,6.899918937140656,59.52524317257924
2.021261691165302,62.895141352246995,58.802969132127735,5,6.807422939797618,51.295232136010384
9.322242564507064,58.54437936950329,74.79420412236715,9,6.8033004720808545,86.18806113742733
8.896054180428829,83.43216099622154,91.26154580305096,10,7.017438332982274,100.0
3.3214746494364005,96.46879945637929,45.63803503948736,6,7.382339686131811,56.34688871340177
6.939856414307611,77.83814465069649,91.54756679800482,8,8.02494499840385,86.78188835243105
8.354999801810942,78.580634473495,77.83371472654474,5,5.3491036006410715,74.40532385760532
5.996807304395161,63.998954683014205,43.73103825078446,6,8.12524705090031,60.70657368635642
5.766855205204059,88.47464665959684,56.55299618207489,4,6.491278411317268,79.21469367893425
3.1766706181040654,59.35218742787617,78.94946487549049,8,4.385291395671656,55.33500261857225
1.837924910253093,66.18396182021218,43.704283080782446,4,4.292754646219896,45.81354060861327
9.074941821579941,71.27182193082083,72.01937530969502,10,5.671191593480303,85.12078008187103
9.103762514469974,75.38051893422275,59.02356813241262,9,7.924484885557337,86.16502296970847
6.697913115459412,62.12048662075401,74.15035347721124,7,7.538404673704578,73.04833092805946
4.051268119438307,55.74184123696018,42.515811859688206,8,7.943074823362032,58.30170168662482
4.142886171513948,80.53100212208163,87.9345243383807,6,6.586345282208047,70.49842570591858
7.533601109832154,64.43152766201278,93.54189330475683,10,6.200994989777453,85.55108237751362
9.073992339573193,79.06191107113061,93.28828204071303,7,4.73726263353142,83.9582444849739
8.983777818386056,57.718135763710116,81.23085074586086,3,5.640963768046557,74.50705692797774
8.018879912718614,74.05700509274087,47.15474320718476,6,6.170096830869376,66.02991916778838
6.77828481538859,76.62947162757929,81.70447577609625,5,4.443002148398087,74.44292679610419
1.7572596849554394,52.591176841121346,41.35228040523408,3,5.103059763556056,39.403373239370325
2.454658426851524,66.83021390969603,41.21679533409485,10,6.991126470318694,62.8306158689608
9.086987696743714,56.72073384694871,57.79856205322477,3,7.678315571195949,66.1585682728174
6.457861536936309,53.168748523638385,66.87537547225662,5,8.991737556964749,57.12602883085769
1.0827734645496667,99.49801161949726,82.37240797942863,8,8.66556665671779,79.26833312036482
1.913243885794289,66.11769224873615,77.58124571335779,3,7.2128259976759574,51.771070984039966
6.971515921972502,90.49372229273175,64.52464885072116,9,6.10624026647036,75.74702360655681
1.0455542546159682,62.732032738188195,55.04946664549162,6,7.180886823541163,48.014314168058156
2.4472724627574878,84.07513611119646,94.8418475086741,7,7.92825809040116,80.8899679935503
5.938604104299275,88.01139299448432,63.43997162297851,3,4.591680954616937,54.29465988098628
7.227056779234239,79.78193703039221,64.82628633813215,6,6.049524448481441,88.1992792239047
6.867651335523405,73.57880942750792,48.99931016554181,4,8.199011428178085,69.74291921885639
3.018423785145038,70.59204570736343,83.71452518124612,6,5.91916475966522,66.3437877743883
7.409612992127823,67.44341332714977,78.15252241798188,7,6.859361356135933,75.91553389055606
3.135241787471201,96.4764572123913,52.14232870338182,6,6.938846804310991,64.96653456138965
3.9285972834334095,91.53097038938645,44.530957508871346,5,4.9223812656681964,61.09151646615643
7.718422646062217,98.25134553332563,77.42746161410922,10,5.811177208261442,91.12438662073144
6.846696091424932,56.21486117427724,75.99811678546243,7,5.672556443709661,72.92046933149727
8.6430106944476,86.54337376018222,55.029273984901515,10,4.130983542660324,79.33103932057158
6.91851603070309,96.91702284105189,92.29749592377257,8,4.120958819456776,84.34906128207261
6.114777430019244,59.061653308283006,48.30818404794951,10,8.158485218378868,66.94693091661502
1.8430729104528323,53.32481336833887,63.778414057343106,4,5.365354049864062,47.46322248352039
4.309442227534902,87.05603246450295,91.89887560921794,5,6.590393831194078,79.86652068325778
3.386821309135529,78.7236556589956,63.085002430936726,8,5.493627867943865,67.53487939621692
3.195906790411752,92.0914388379136,75.1189271215247,6,8.703396225576704,56.5497578742205
9.75709499277201,56.988618831314476,61.86769188795368,7,5.296483794328869,76.27618743312242
4.537879522000844,89.76336559299452,55.08183612917685,4,6.148284063694676,63.43205607929234
9.02841899659402,60.08136600238723,94.11877063779056,5,8.36365125242301,81.59712765361255
6.680247633975366,58.18279714328523,62.51337034732737,8,8.209667833959044,68.26740504347254
8.153301731874835,58.21328989654965,89.1754562023524,8,4.930507089231386,84.24028435369166
5.523733837946729,90.72873601156911,52.64750332400974,4,8.013216548978551,71.03661845455485
6.192134961637232,83.25986103481,51.72075872137958,9,6.290934433689463,67.73807637378086
5.432659244369775,76.15327123845597,41.71237455864812,6,6.414844360426776,62.58378408418232
2.7571868901824006,67.94152420617513,75.84167539567368,4,4.667399862079719,52.439967085075175
7.502069037353548,93.86002704065541,60.26894890480686,8,4.403007568785624,69.80578076983075
3.526951261967702,69.62225537113177,87.53970374118003,3,7.6396965348688255,61.49096353197521
1.2188436978830846,90.82997197357886,66.02654486803564,5,6.482305761776499,63.85683882220342
6.80925066316451,71.95674542851091,93.25063853530969,4,6.184253513075898,79.93738331558825
2.5939961146634403,68.84722147124538,50.203903363671664,9,7.647541143261984,62.470934907319894
9.464127259176228,73.13398928348032,87.77427423755859,8,7.827564494955549,91.72914116927376
9.585357193023286,65.0688937082071,82.71282690354579,6,4.794540838346768,81.41989675459529
9.233779511984036,87.38046900881255,82.40070145542286,10,7.051125747388206,88.49349424006354
4.331428302298999,75.13601950462396,86.46307754642882,8,4.676770411388428,74.38788203059028
1.1391095487598069,61.61063475734086,81.85631950186493,6,7.756875430145229,63.56625146807786
9.354867063289529,94.97872866372842,74.44211768972784,4,7.284775781335698,86.52071756147784
4.8536573348558285,69.19456106866056,47.21846827253132,6,8.78307310541729,67.32596404885462
9.699893371393026,77.17764305569943,41.78893987201886,7,4.344790081782106,74.4671354718005
9.672579793803276,95.32360554822735,90.64663162986278,7,4.285273605756272,91.74885500398806
8.677085099206241,81.21189979569961,73.91576729864059,7,5.410935373466001,85.43210445158081
3.6500400286262713,55.8449020354182,83.8095510036897,9,5.30852841867953,66.90511300396138
4.465879557417328,96.99160618067376,66.48372933319025,9,5.234893995359999,69.68323997789024
8.660230043651712,81.38540265357089,46.45195039293169,3,8.531272902605183,68.14844897328788
3.852298046406499,66.7452807328543,46.88521857114027,9,5.247730999247531,55.40584864578719
2.5254347201748324,56.96360363316936,77.70609079759342,10,5.359748630643155,60.85017220377869
6.0112113621251515,89.7012594635148,63.66682421947045,4,7.796991312089819,69.62778849554493
9.425392967447028,81.00363779642568,51.02885996851852,8,6.2486992122527,73.40964946553244
7.264268170074757,76.67305459881608,67.03770007077902,8,7.883552784775906,75.78398923270531
6.1305505308042845,94.69462915254789,43.531491539132375,3,4.326830787821926,51.418238529940396
1.8745884439369167,89.42986056122655,72.00842710529193,9,6.437855968366922,69.65078888696813
6.535065040292528,57.58374398663756,54.794637243930374,10,4.1680680009164135,66.34608514829736
9.91048465093837,65.5861033897774,83.86575053504535,6,4.3132660172767725,75.5602854972397
2.260756137128716,62.424456990723286,57.06990774079656,3,8.532187266722055,54.70739252162566
5.664966871273631,87.19731462863385,65.03710819949907,10,4.696226855587976,79.85695583891304
8.8963576473516,51.67662173678897,40.63912969494554,6,6.662103411376085,54.97609255059111
7.66691755978784,78.49448424356582,43.98457882870074,10,6.055478013003533,69.22814272914374
7.273141668957412,88.12293428703452,61.58714560236767,6,5.736716631294213,69.58073630722018
7.322356755883983,93.83828183808748,66.3966359094418,5,8.499166728436363,72.9841043449564
4.2354203609777965,67.10408743579538,73.0011301465617,10,4.109116983877447,72.52140299889803
3.64232659838044,91.06286523360063,56.041441829011674,8,7.3189484308779456,67.0337830900687
8.284250399306622,55.53158684776036,78.22400373695984,7,8.816972171067752,76.05512179580928
8.291020552112627,92.3226145867259,87.30673184540626,9,6.80084091730921,80.28175367586037
8.803650867220934,56.37443311659912,82.89180438913424,6,8.68411231016546,81.83147922515398
9.219164973008242,69.86436452801837,42.17903539415964,5,4.261289396430119,58.73271160493585
5.60208158974844,89.86476828897767,66.4278820991806,10,6.093966595370807,77.79339042307214
5.513646652184796,57.49587136743869,45.77115981299962,8,5.300788954810256,60.57710606082277
8.184656610700976,61.462569761632075,53.31247587243901,7,7.654104824903649,76.77842453298908
6.849675376999887,86.1126284196533,94.26644262969305,6,8.906485452486233,78.29466179321165
7.31770189531933,86.00182682730372,47.837254859583226,10,5.282650312221239,59.33097743611633
8.16213402492491,82.05738164426486,67.43884843982458,10,7.270873007370373,84.34145573646471
9.010048076358096,84.697422223355,73.99856538749654,6,4.990488163798701,88.89208943433592
4.041956411663822,77.13622216737981,78.63557337992572,3,6.826651272858049,70.50100162253744
4.380246573759496,62.58995294534763,70.78067759178028,3,6.319662433441681,59.70026745808454
1.845837458567821,67.28479967519597,40.537396608055104,8,8.860026648157685,51.99885826763252
6.204521268965566,59.079885840071285,57.95537195341956,7,7.042636363482333,69.2461355651265
1.3234804641706788,95.42252806668142,68.47414038615912,6,5.747531860434094,57.586376154856545
5.190382163192141,79.16958973830603,44.83265745296583,8,4.570478924439667,65.17041784966737
5.883801712368189,70.042570838182,59.28448121650494,8,4.756234143674673,69.28907629492525
3.5788712691545594,73.10029018220663,41.82617098352516,4,5.126584649756175,56.19773620074618
6.317499345121097,97.36416698059077,44.32181734352614,10,5.2548333067014905,87.48446881226516
1.2745022494514449,57.66757015580401,61.83078019108778,9,8.25308028920569,59.867542345005475
1.3361336987429298,79.31149160083986,47.29936647236832,10,6.806113941412624,56.61931290165292
8.403405045936925,75.2944339442233,71.21474665438569,3,6.616954556871832,72.1856280931257
4.241715772701366,80.57271177173239,77.92057330254961,7,4.573844359346087,60.35210420035189
2.143544613866963,50.90550919104203,84.03226845099957,10,8.300698466747175,63.12205217902966
5.700189340493239,93.60619544720757,51.008263433464556,6,7.614071516042419,67.52216056855126
7.9299419778874976,96.60591412418063,49.211542024248836,8,4.338341809500008,72.4576959028656
2.9423892474715885,78.25665917946044,45.751231218392014,6,7.539175486148843,57.94645712537914
6.606014282371002,84.8325411938446,75.00366372490001,4,6.717691086713231,68.82986154666088
1.768127184943912,96.12496905886479,78.85616495677957,7,4.408626728733891,72.62218977946608
1.4651354905174694,85.36193171566993,41.737237965410316,8,6.291503207643283,55.81703157706851
5.782191684113332,57.62695214571307,91.49167354340294,6,6.423481435650235,71.68669913968965
5.865716094490959,78.81441800834065,42.85842060083098,3,4.828872700816379,54.91482003681364
6.736869113483859,80.3357523191428,69.77129844155888,9,8.728490735001412,80.86194455025932
7.534822003503954,71.2065335651193,78.9983285698004,4,8.24987685740331,78.7135551517213
9.782668715162812,86.82221178123615,87.9033018060347,7,7.3451116866455415,86.04267588311751
5.646703134710758,96.71835073845074,79.27478126728353,4,6.311477805003036,71.09967526120138
3.9066082564712135,96.27842564533881,84.09504456883855,3,6.058827707922543,68.10483798720351
8.156675752918332,72.5419685702066,58.669760589854334,7,7.254867335754771,67.15362242019248
3.437490261358668,55.661902292037766,84.81538125605817,4,6.727159347034528,56.5846856516506
4.950742786350725,99.24205994811672,44.40631655115713,5,4.311365529409428,59.939528079939265
1.7061074320803935,91.94490432229671,89.21491608332903,3,6.562513243851658,69.45042863318916
1.2281566907391177,56.233134060163344,70.11758068845549,3,8.032018086164197,52.008774179599094
9.663835732101326,96.04209413086862,84.95137734793715,3,6.296199387984791,85.41967501217412
8.523821084609853,93.49481810310641,64.87750564850651,5,4.259782887771342,80.16078163046438
7.263767854843282,75.94190285630361,75.39677323580887,5,7.9313909969201655,74.50845937684994
4.680576499728429,79.56377178724647,68.95214635148622,6,5.006818910679872,68.23717126190287
2.559648880637612,69.95013519350651,80.23742369654326,8,5.293104174440193,64.73487851871135
2.4079333840397745,52.73808194110157,44.489649011682424,9,4.823531767161479,52.20159216303917
3.252186083481358,66.75986208229504,43.31936461948101,4,5.651075324357487,46.553522151421035
5.943039982355084,90.14267242990057,53.59067787055805,6,7.783757528443175,58.060143161591306
7.431363304300561,50.23160115023014,48.774957406225354,4,6.5969292975196865,57.69432925676471
6.941776390459581,66.6749585845572,87.94809616257109,9,5.024406370753563,86.04575652231284
3.5194050725134858,69.90843467954717,52.05676930469244,8,8.389150390760204,66.91287954454641
9.593787525968747,76.86978014689615,93.67258907005223,5,8.397909274757646,92.02858727037507
7.641072250261916,95.99278082063802,58.52926854741088,8,8.352892125230035,87.19320212929867
5.989186472602606,67.31729971829806,50.01648536287846,5,5.193981056907696,59.944505731659454
6.5054867161091705,67.34766009481139,83.43341789283636,9,6.25619672090494,78.8734324397596
4.776400561850109,86.87506240548743,76.22892765254818,8,8.924948280704376,74.36513410529422
3.229578905510417,72.61089704449036,67.40076440492264,6,7.860062381549952,61.72659894779012
4.2037541078613545,61.2302411469991,70.54499530156971,7,4.135837106127799,64.69513700185757
7.820614994179322,72.62197580663467,79.55609780497451,6,4.32602295630246,80.91930592074587
1.1295413976678028,57.04285101898999,52.56501077322143,4,6.319656884061664,44.4764949865401
2.0446537645622462,58.819349325311165,94.7983653831208,6,8.5461010293078,63.55113606272039
1.4140237781957747,74.91838863697399,93.61362391807307,9,6.693508989763571,70.5448925642014
1.3665592208707311,70.9462724752274,75.76791274908153,3,6.489062540171451,57.878436280525165
8.699145256099065,95.742295053405,50.974834801102986,4,4.527368499783153,64.28398176304526
7.332920734420213,68.11969495583165,77.41255333372102,8,7.283900523621471,66.38898733306003
5.267564461785927,79.02941751390217,43.97091249385467,4,8.110515803001128,57.47537083663997
1.8805074458590134,81.61321439597651,41.68588762131933,7,5.902100037537812,47.908876408004474
5.4245428760514915,50.654722829416684,54.17255886811675,5,7.8780592546266375,55.31416382430801
5.261245937025091,83.17686860083553,65.4442626206624,8,8.822383269504058,73.66409245438705
2.5588168291901368,58.90179834348757,87.75498779746093,10,5.018832295638445,65.2015782486089
4.904664843141758,98.05351587347275,79.99429883714694,4,6.6166481559737065,80.65231655569409
4.586542609576361,57.43313638765565,80.84885866599896,8,5.435689790422877,69.14871183408899
6.542650882469948,70.73120618635119,63.402133394644146,8,7.964272095169196,74.52671266437925
6.715842857808794,54.26748340393219,59.02642459008296,8,6.887966829405787,70.0634079221527
1.4077360879484007,99.84371259229736,60.40713196415315,5,7.172912087751518,55.581154456038966
4.371513531638241,75.10975051656213,94.32072600548318,10,7.989570798079471,86.1875689950619
6.632739241428127,79.76925086600218,42.206005527686536,9,5.979852363312275,68.2869934090118
5.528226327220789,53.353823869421376,87.68673228673467,6,8.575450342035216,74.392894899669
8.7084085706949,87.49802351995889,71.82714747148164,8,6.6651443362307,78.49952971920139
6.928242684570505,60.49527965477929,64.12384805542747,3,4.7897741141767405,53.20256132584574
2.466409843732867,94.90271447203568,79.88917132283251,9,7.479495590844012,78.92739850516
1.6351187266038685,60.25698202410036,66.76679177835865,7,7.966306752191272,59.53043423872121
6.78177350385684,59.534386033183324,88.03827809449133,5,5.583808385337633,66.82306430983542
1.2386017948745964,51.827483392404744,89.53860252061922,4,8.285896284993765,52.85253697009374
6.2719802314611695,73.60334725549995,63.194650978040045,5,8.530716273828832,74.6970728818426
9.462072172824618,78.24205666313082,55.22552884792783,4,5.3845224368890445,65.220816224775
6.179267600882911,53.285431971417616,72.57926807263493,5,8.91760736357611,75.17427954670808
4.493529335858697,88.77638083475053,90.17998400891801,4,4.703557640243792,66.68236771801423
6.789593965981179,72.66444173740138,51.58642039531166,8,5.01007834201245,70.81805943795115
5.12427601442365,76.219513466379,74.26316209599156,6,4.921124196190131,66.42254884889655
5.910551103843415,72.03813734691141,74.73581210508863,4,8.469948550039351,72.69254143331405
9.473183278988726,70.0381530437663,80.32121623284046,10,7.271462761624809,84.83975407931936
4.474923740206968,77.9820165654109,47.23622268199929,4,4.760521416111365,54.800237182219824
9.650715074415228,57.76201229653562,79.37037305751487,3,6.2016170918417455,73.28461564624678
9.148155777604574,59.09640652476355,89.99678863661026,4,7.07649012534901,72.70908051262705
2.762120213103668,93.08928105067587,49.88257098786331,3,4.417320424946917,57.76383424383467
1.624251707876489,97.30577310668164,53.06488287081327,7,8.412081842036693,60.652551417284386
1.9070020123968399,68.66546581398765,93.42673017229018,8,8.018017677207677,68.83690863668365
1.1639964308639477,63.53723365717769,49.95373239902194,3,6.526033867883191,39.834706206001506
1.8499866468033557,82.19997716195078,86.99118013532686,6,8.835633076295853,56.296279730413445
7.147060960747211,70.43670855490481,67.07528210464191,9,6.088804896375498,74.23308025536146
1.6406978361420608,51.26931778301724,53.59770909217474,8,8.920551595182488,65.98201546700895
3.8707806726438516,57.80762986830952,87.89124456998812,3,7.339599994018135,66.2588539531917
8.60387779872509,85.79861144236988,64.4917890251466,8,7.173356366269707,81.3839385325469
1.209447421622433,82.94619709550757,68.31495446613296,10,4.829774476478925,62.769974498210466
8.330216343300421,51.354799625174174,59.75783531698711,8,8.40963879152322,72.11355961522419
3.5366929729605996,61.098608096647474,72.61229682892102,8,6.137448439603076,66.7731175207188
2.0634834485949063,61.55373982940357,48.99381299217625,7,4.811167028912397,44.6523904288592
7.270634488277356,83.59463717993643,61.509484515846836,6,4.063037599878795,76.1627369436547
6.660485621018956,50.98552688771821,93.31767772844081,5,6.798778418191913,75.26858408840732
8.897248121743477,55.205429099228695,54.197338798562015,5,6.636998110613382,70.03160595788752
7.615639394234972,89.99580426865947,76.12051654977107,3,7.596768111845793,78.66335132357806
8.231328373463636,58.927233102716684,57.88545353235822,8,8.45129026508901,73.2251388226047
3.538311153141758,82.63730539259373,82.54102191276303,3,4.397032923215147,66.528749907881
2.5969558940175053,61.90913905233633,47.19805133950924,7,7.657482451701812,57.24564302038932
7.755532764767725,54.97206963796726,93.34015747931997,7,4.937059720487911,74.80075273098991
8.261512653405376,62.1586095499727,64.95842477610016,4,8.29088526578582,67.10383785513797
9.91454627800606,86.11334659278296,52.982775484055516,10,8.09531756930828,85.81413403404576
4.713559092202838,92.78482340531428,44.0423211031507,7,6.703968774927722,73.14186944518453
4.348162772135049,91.51099322834958,49.33668477981474,4,7.551213993116558,55.904839286216486
7.987716646677971,69.85917648092274,68.58756717058097,6,5.571750565918742,65.24448012525646
4.06723186227716,83.40425682853231,58.53517470372074,3,6.355839494664073,60.25933997478886
9.376815930432082,60.24921477079105,85.58858512354352,9,8.108184488552357,86.04354205367348
8.725714766587107,64.65738651305067,63.698813801399325,6,6.296325985866069,73.25131199286834
4.860946246375165,94.81679092605599,53.679284992319644,7,5.788991326627209,69.4691061613175
7.757839610123476,50.6500961755368,73.94297426322166,6,6.4710622362515,68.59506631123686
7.7908858667621415,54.2754265427234,78.87274692869951,6,8.141246262186092,81.29845883639257
1.9281148195233935,60.394312757301364,49.187304934552245,10,5.676040236854364,47.34657706297128
9.1229761601161,51.32661019369099,49.21905689585747,10,4.868807965678719,66.13113285924771
5.547271352030714,59.071771754489866,42.01692848134486,10,7.560070101653904,63.284996164011375
8.438117194969674,79.15207804848461,80.50211082861023,6,8.12989106354041,73.94789275589798
3.880446409275506,71.0712275296249,76.50924901919927,7,4.503187392617667,64.5456129818121
9.059709056465804,94.63358555384875,66.10469816623976,9,5.199370563779723,93.14579987191844
4.502815108607468,90.87217808692205,86.42937469330585,8,4.7098599488049695,76.71818709152572
1.0975388633226852,67.0908675848938,84.31185841225292,6,5.739707057910833,60.703333164710294
9.148437787773373,62.971171671564626,72.19449004182137,4,6.251754894527063,66.22316546853516
1.821580091075202,68.98462040836334,87.75492042822923,7,7.744131684816532,63.28890610286675
3.873822738313734,79.51474712574039,51.32126655202225,6,7.25573792440837,59.33937961561479
9.550557703457244,63.403182041143815,46.155579066875035,9,7.104642837392156,72.58993084260257
9.555464322438006,81.2074453924567,54.83622863343443,8,5.761874733048272,84.81148445230663
6.160940993109575,70.47058260956203,43.13977708491232,10,8.2072377654238,71.95762432968756
6.686534909528193,77.602359042599,69.21432404005677,7,6.356435836990823,68.18037029879292
5.036009697804878,71.80632645676583,91.51331307622289,5,8.895524690075773,75.62364836380631
3.638896945282581,64.72328797709588,42.16389473676803,8,7.170710691478684,59.58905221247344
3.957980908329244,97.42266534810784,46.716045270551476,4,4.631323707822514,64.59750108944436
7.052666104693346,88.18028970798804,64.87094655558894,6,7.38088781037717,83.42161289862611
7.77137076493912,57.00565878832263,91.36312596403477,9,5.625520077158495,75.13882851665805
8.124211393532637,93.42339879489563,57.388585773721275,5,7.431635983430487,71.76030234205066
8.106563285150985,74.37155991247567,67.89791447786158,9,4.348205740812029,70.78898898059381
1.8208549274382133,94.72761134470457,42.28650724777157,5,4.874407185879797,52.12430021944804
5.449782742323233,89.99276279736577,48.15887605291489,7,8.278686294528931,71.68078853778461
1.5180288401497986,71.26067522346167,94.26465676273658,5,5.135897785117574,67.46220830312397
5.94575994091362,51.12346541600587,93.08152830398251,4,8.1852056262147,69.37517520548235
4.973774512360393,63.4338679692473,40.27169895139253,4,5.3963804422720525,50.171555784628396
8.989337644824698,77.08171073304334,92.34964819827815,3,7.214409550293539,81.92186576634327
4.158235112968708,81.67391099130737,75.15159657985252,4,7.470752867549155,62.6545828636034
2.053603147848453,62.894384271660115,87.73550619860121,8,6.563273765725265,76.18922317131566
2.2869251384755227,56.96780370364121,65.01069205986225,5,5.526553383483656,44.45071963795115
7.85359568545725,91.74651183996495,68.35778157185877,4,5.063221881855481,75.06487642152611
6.56396256984635,99.22010903517761,66.88656191413061,7,4.165946772812131,86.06488012660981
1.9101040851051123,76.28450911513428,76.67753416503574,9,5.519732006203619,65.90337897006069
1.756961255034977,58.583964292415175,47.68081901159721,10,7.265813952656416,54.65825869181934
7.30872218313208,63.61536632596845,41.648547442997284,9,8.691524092242414,67.07450825041178
1.6548670572777417,50.919533827373336,56.9361467875155,3,8.35602241131526,45.901959138795554
8.396740533613206,95.71494032802495,78.75744195051557,9,7.830323882676513,96.74238525725308
7.3561800444084655,55.88755414450706,51.10193986676216,5,7.9422367162664935,52.07584776679553
1.7321390257770979,78.82582377571268,77.03878383287045,3,7.324924517379976,66.64053168209365
1.7635394267667273,63.7027610343603,93.34516253589987,5,5.3014342878300145,54.01973611185615
9.87975620651058,77.70890012578967,45.16453936841801,7,8.535975153529149,75.37869086560634
4.368437161805083,82.57101941759322,76.99311650238195,3,7.35366155952917,64.36922216766146
4.335779323602019,91.48709018536007,64.40626206175142,6,6.8022031549022,71.77806897762629
8.315196105317522,60.32106358803016,87.7478239907628,8,4.554947346067405,70.75692894417885
9.525237196454729,50.549791432924025,49.74323841960623,8,6.235277719032127,71.91965342469155
9.874009574405838,56.844281503440364,78.09442737243904,5,6.301791356009631,86.24776199605029
7.780403667330475,95.00093209240526,86.09634093064606,9,8.32281804761335,84.03709249527063
4.386336269778242,93.69450387812577,91.95378207107129,10,6.733241100938942,84.65737320428936
1.7515064502880189,79.87065510851542,77.57864155593052,10,5.902002744852048,65.21211422549706
7.994322243346931,80.02584302168268,67.3446120204635,6,8.884001642553297,80.20908764344553
6.025638247622245,83.25183372731277,73.98159821106677,3,4.553602966631578,67.22087536791418
4.817998083222786,58.76856393117248,87.7897741463295,6,6.112742141559723,64.97937603108711
9.157189465852625,95.72059729624799,71.38353606513563,6,4.210123375857027,83.88766860844665
2.000777340755362,70.93852624460365,41.67128828332603,9,7.699520603834651,65.45922255080549
5.433625938617732,69.15692641247487,91.20217825288378,10,8.590382760995753,80.86981372788743
1.1021828029067717,75.94588526414188,77.92397130673587,3,5.400186647752447,58.61809607381651
5.217945777947136,52.348298338752755,77.20823621774855,7,8.291708383995605,61.61975348952038
1.5067294811365362,58.31416843780397,51.86213338187444,9,5.461091152309489,48.08291509507411
2.0693612464126474,86.90168082131852,76.23870086279615,6,8.553850808219575,69.68631577782156
2.057736220993944,54.139933396256325,61.662542310978715,6,7.769809517983919,61.368476255506295
6.842892719044572,80.1576054733194,75.81781373728207,7,8.024533884207193,80.19457791526139
7.71440391338881,62.26745548406605,45.86261666693949,6,4.090032778002272,60.136401279956885
6.250318885874437,69.46478070209884,76.18149175316698,6,8.814051785370129,73.65694872864779
9.659552936270877,64.43468683853499,94.96775491738666,6,7.633354960351616,79.12919681602996
4.373835215713337,67.78363582324747,42.65166213733058,8,5.523755476930667,61.222327745001884
3.571408776536747,85.95229525921228,93.74458013217244,9,8.146973324294235,84.59860843170794
8.817392153705143,64.85608578115875,62.379937839757886,4,5.40760599207465,66.11863750938916
3.0123625466750736,78.32023201484486,87.89143976854925,9,8.363769197830639,72.99195475999682
9.669002854965502,73.80252010995498,83.03120162320505,7,4.562901952059685,83.92479075218395
1.109390272208347,83.1835582681324,71.18589435426674,6,7.518429887303979,59.25996476093499
9.728909440368751,96.84148696623791,80.61470650882296,9,6.703492383224551,92.58988660522368
1.388439207555185,86.62860486051252,88.31835587157414,8,4.482672350977204,78.60503729229812
9.02028802328264,60.74701892953784,62.22771769080681,10,5.2094691412941945,75.38013073539732
5.749309981776698,51.55915675306424,57.986823885978126,7,4.062020181386574,57.42943072978171
9.936683165073703,63.113202214991254,76.71763620599717,5,6.34383982732253,74.24143012737794
1.6641690826185898,79.75389653501274,84.43152680676923,9,5.506326303800002,72.15564104363011
5.984688559611887,52.57129067421252,81.92568241271387,5,6.9917874214887945,66.26791534679528
9.72372282057189,74.81831236006181,83.8797506872249,6,5.4861890385430865,79.41713419454861
5.707880597531339,79.84214244584446,63.957082314711315,8,5.499595557534923,77.52347751860283
6.664587743217362,66.71219454084805,84.98088188962619,8,7.715965993658017,85.64776357636948
7.261738200861554,88.54561018729109,46.61149804538346,9,4.240714179891767,69.01279381378994
5.090869582909959,55.32991265668859,69.94690038784672,7,8.514474975959935,57.22549745695791
6.648022720756571,53.75688908679044,40.31672632739669,7,8.261319371955906,65.95318479294855
6.258828807307902,86.40943781018017,57.852220644514865,8,7.339023416132033,70.52097195150127
9.110422094418901,74.77456581030992,60.15538441792688,7,6.966107850536922,80.93554786035355
1.409017423073121,84.4201198213868,61.789498038509045,8,8.461512490698262,53.7754163267213
3.528668706330073,71.74136693018731,78.25069636794242,9,4.926650897643572,73.12185999789486
9.553703356689029,62.32010166195534,61.370695569869014,4,4.394845810954143,62.21447864272234
9.012374055018247,90.95511588371,64.6781492442392,8,5.1975508495476905,85.5245303266252
5.100910775071417,89.97079394844897,53.064927198088014,5,7.9728913935009516,66.7087103169003
6.581193380213831,84.73482354272133,60.528848539613705,7,4.173351333632416,65.69899813474821
3.496430646830194,63.607256861498136,52.49982949947333,8,6.914034175417449,57.27169229307557
2.6930904375138516,79.51153334345435,44.0257758072644,8,8.97718758095655,64.22712203756758
5.173285644459839,68.04869484700134,73.18967263597578,9,8.278480469187697,74.21024234845653
4.180170052234475,54.579103666331704,76.7517039205259,7,6.607228445217947,67.15000557090724
6.252905006657849,95.86567877311214,74.0719690305288,4,4.318204546433211,82.02068038809193
1.6996117326848634,56.84093154594807,65.49217240903148,9,8.156867571928549,51.94257345428191
9.769553268995498,97.51186769104012,60.888217909857644,4,6.9948925408860525,88.14927088393524
9.875896700316426,72.30028864789779,87.4833507264504,10,4.574664985297834,89.10626380361452
